[
  {
    "id": 1,
    "name": "Rajesh Kumar",
    "age": 45,
    "contact": "+91 98765 43210",
    "email": "rajesh.kumar@email.com",
    "address": "123 MG Road, Mumbai, Maharashtra",
    "bloodGroup": "O+",
    "medicalHistory": "Hypertension, Diabetes Type 2",
    "lastVisit": "2024-10-10"
  },
  {
    "id": 2,
    "name": "Priya Sharma",
    "age": 32,
    "contact": "+91 98765 43211",
    "email": "priya.sharma@email.com",
    "address": "456 Park Street, Kolkata, West Bengal",
    "bloodGroup": "A+",
    "medicalHistory": "Asthma",
    "lastVisit": "2024-10-12"
  },
  {
    "id": 3,
    "name": "Amit Patel",
    "age": 28,
    "contact": "+91 98765 43212",
    "email": "amit.patel@email.com",
    "address": "789 FC Road, Pune, Maharashtra",
    "bloodGroup": "B+",
    "medicalHistory": "None",
    "lastVisit": "2024-10-08"
  },
  {
    "id": 4,
    "name": "Sneha Reddy",
    "age": 41,
    "contact": "+91 98765 43213",
    "email": "sneha.reddy@email.com",
    "address": "321 Banjara Hills, Hyderabad, Telangana",
    "bloodGroup": "AB+",
    "medicalHistory": "Thyroid disorder",
    "lastVisit": "2024-10-11"
  },
  {
    "id": 5,
    "name": "Vikram Singh",
    "age": 55,
    "contact": "+91 98765 43214",
    "email": "vikram.singh@email.com",
    "address": "654 Connaught Place, New Delhi",
    "bloodGroup": "O-",
    "medicalHistory": "Heart disease, High cholesterol",
    "lastVisit": "2024-10-09"
  },
  {
    "id": 6,
    "name": "Anita Desai",
    "age": 38,
    "contact": "+91 98765 43215",
    "email": "anita.desai@email.com",
    "address": "987 Residency Road, Bangalore, Karnataka",
    "bloodGroup": "A-",
    "medicalHistory": "Migraine",
    "lastVisit": "2024-10-13"
  },
  {
    "id": 7,
    "name": "Rahul Mehta",
    "age": 26,
    "contact": "+91 98765 43216",
    "email": "rahul.mehta@email.com",
    "address": "147 Anna Salai, Chennai, Tamil Nadu",
    "bloodGroup": "B-",
    "medicalHistory": "Allergies (Pollen, Dust)",
    "lastVisit": "2024-10-14"
  },
  {
    "id": 8,
    "name": "Kavita Nair",
    "age": 50,
    "contact": "+91 98765 43217",
    "email": "kavita.nair@email.com",
    "address": "258 Marine Drive, Kochi, Kerala",
    "bloodGroup": "AB-",
    "medicalHistory": "Arthritis",
    "lastVisit": "2024-10-07"
  },
  {
    "id": 9,
    "name": "Suresh Iyer",
    "age": 62,
    "contact": "+91 98765 43218",
    "email": "suresh.iyer@email.com",
    "address": "369 Brigade Road, Bangalore, Karnataka",
    "bloodGroup": "O+",
    "medicalHistory": "Diabetes Type 1, Kidney disease",
    "lastVisit": "2024-10-06"
  },
  {
    "id": 10,
    "name": "Meera Gupta",
    "age": 34,
    "contact": "+91 98765 43219",
    "email": "meera.gupta@email.com",
    "address": "741 Salt Lake, Kolkata, West Bengal",
    "bloodGroup": "A+",
    "medicalHistory": "None",
    "lastVisit": "2024-10-15"
  }
]
